nada,definicion
,"A boundary is a line, point or plane that indicates or fixes a limit or extent. Boundaries are also the limits we set in relationships that allow us to protect ourselves."
,"Having clear boundaries is essential to a healthy, balanced lifestyle. A boundary is a personal property line that marks those things. http://goo.gl/uZWVyu. Photos."
,The boundary is a fractal. A closed plane area. The boundary is a fractal. A closed plane area. The boundary is a fractal. Minor edit? Save Cancel. Edit answer.
,"Having clear boundaries is essential to a healthy, balanced lifestyle. A boundary is a personal property line that marks those things for which we are responsible."
,"Whereas the boundary is a guarded territory, as established by prides of ... The boundary is a limit, a territory beyond which a particular species does not stray. ""."
,"A boundary is a limit that promotes integrity. At the most elemental level, your skin marks your physical limits. If it is ripped, the integrity of your body is threatened..."
,"Thus, a boundary is a line you draw when it comes to how your unit, ... Defining the boundary is a crucial step when an analyst performs a..."
,"A boundary is a limit that promotes integrity. At the most basic level, your skin is a physical boundary that protects you when you fall. If you get a..."
,"BTW it is a very sensible definition: the boundary is a derivative of the volume, in some proper sense. Note that even dimensionally, the surface..."
,A boundary is a fence or other stoppage or a filter at which something is not to pass. It is like a line that is not to be crossed. Creating a personal...
,"Having clear boundaries is essential to a healthy, balanced lifestyle. A boundary is a personal property line that marks those things for which we are responsible."
,"The boundary is a limit; a territory beyond a particular species does stray. So these are two different kinds of edge. For instance, in the border-edge where the..."
,"Having clear boundaries is essential to a healthy, balanced lifestyle. A boundary is a personal property line that marks those things for which we are responsible."
,"latter, the boundary is a surface and refers to the mean curvature. Second order priors like curvature are important for many vision applications, such as stereo..."
,"Strictly speaking, a boundary is a visible mark which shows or sets a bound or limit. The distinction can be clearly seen in the historical..."
,"our boundaries very clear. A boundary is a limit, a line of distinction that defines where one thing ends & another thing begins. BOUNDARY SETTING EXERCISE."
,"A boundary is a limit on how far you can go with comfort, both emotionally and physically. A boundary is a present and clear limit. It is individual and is set by you..."
,"A boundary is a personal property line that marks those things for which we are responsible. In other words, boundaries define who we are and who we are not."
,"Having clear boundaries is essential to a healthy, balanced lifestyle. A boundary is a personal property line that marks those things for which we are responsible."
,"The boundary is a crucial strategy point for every validation, and as a vendor pursuing a FIPS certificate, you want to set it carefully. There's no..."
,The boundary is defined as the first appearance of the graptolite Undulograptus austrodentatus. The graptolite Arienigraptus zhejiangensis appears 0.5 m below...
,"A boundary is defined as a dividing line, we think of this line as an area of activity and engagement. The deployed beacons will create a virtual indoor..."
,The boundary is defined as a point immediately above the highest record of the brachiopod Eocoelia intermedia and below the first appearance of the...
,"The boundary is defined as a circle with radius 30 kilometres (around 18.6 miles) and with its center at ""Bellevue"", a central place in Zurich. In order to obtain a..."
,"There are no LBWls) and no runs for leg byes. A boundary is defined as anything that crosses the rope - 4 or 6. ""Overstepping"" no ball will result in a FREE HIT."
,A boundary is defined as the intersection in a process where an action crosses from one entity to another entity. Process boundaries can indicate where a...
,How to say no Setting Boundaries The best way to learn how to say no is by setting boundaries. A boundary is defined as something that indicates a limit.
,The boundary is defined as a continuous line following the course of designated streets and/or boundaries of township(s) and/or erven and/or landmarks as...
,The boundary is defined as the magnetic surface on which plasma pressure is zero. In a real experiment it is represented by the outer- most surface which does...
,A boundary is defined as a line determining the limits of an area. That word limits can be intimidating. It can also be frustrating. Unfortunately...
,"A boundary is defined as the professional distance needed to be an effective staff person, reduce agency liability, and prevent staff-burnout. Boundaries can be..."
,A boundary is defined as something that limits and bounds. How we grew up influences how we perceive boundaries. We rely on cultural and...
,"The boundary is defined as the nucleotide number of the start/end codon of a transcript, pseudogene (fragment) or functional RNA. The start..."
,The boundary is defined as a conceptual interface between the software being measured and its functional users. NOTE: The boundary of a piece of software is...
,"The boundary is defined as zero-flux surface, a 2D surface on which the charge density is a minimum perpendicular to the surface. The charge..."
,the boundary is defined as: offshore by parallels of latitude and meridians joining the co-ordinate points; onshore by grid lines of the uk...
,"Dictionary, a boundary is defined as something that indicates or fixes a limit or extent. Though common sense would imagine this to mean that there is a clear..."
,"in rfc 2046, the boundary is defined as: boundary := 0*69 bcharsnospace bchars := bcharsnospace / "" "" bcharsnospace := digit..."
,A boundary is an act of selfishness. There's nothing you wouldn't give if you weren't afraid. And you can't do that ahead of your time.
,The boundary is an approximate equidistant line between the two islands. The second part of the defined boundary separates Ro Muni (continental Equatorial...
,A boundary is an invisible and dividing line that serves to protect and take care of us physically and emotionally. It helps us understand our needs and know...
,"These shapes appear to spill out toward the boundaries, fold back and spill out again in new configurations. Indeed, the boundary is an essential part of the art."
,"The boundary is an illusion. Every moment is your life. We were taught to believe there is a boundary, but when you go down the road too far..."
,"A boundary is an emotional distance or mindset, a restriction that people place on others, and, they are present in all relationships - See more at:..."
,"... the Laws of England, Volume 4(1), Boundaries: ""A boundary is an imaginary line which marks the confines or line of division of two contiguous parcels of land."
,"groups or clubs based in the UK. There will be two sections, one for the North and one for the South. The boundary is an East-West line drawn through Stoke-on-."
,"A boundary is an inviolable, personal conviction. Unfaithful spouses often claim to be victims of forces beyond their control: I couldn't help myself. Yet everyone..."
,"points in 1 dimensional space and 3 points in 2 dimensional space. When the covariance matrix is not shared, the boundary is an ellipsoid. If the model is naive."
,"A boundary is an external limit placed on a person, object, space or area. It determines how distant or close we become to another person."
,"A boundary is an invisible divider that separates me from you. We have all types of boundaries physical, sexual, intellectual, spiritual and..."
,"For our purposes in this module, a boundary is an imaginary line that separates one medium from another. When a wave passes through one medium and..."
,"A boundary is any natural or artificial separation marking the border of two adjacent properties. A natural boundary is one existing in nature, such as a river;..."
,"A boundary is any natural or artificial separation marking the border of two adjacent properties. A natural boundary is one existing in nature, such as a river;..."
,"A boundary is any natural or artificial separation marking the border of two adjacent properties. A natural boundary is one existing in nature such as a river, while..."
,"A boundary is any natural or artificial separation marking the border of two adjacent properties. A natural boundary is one existing in nature, such as a river;..."
,"A boundary is any distinction or division that creates, in addition to a partition such as a border between two countries, makes possible a condition of depth,..."
,A boundary is any logical or physical constraint which delineates a given set of responsibilities. Some examples of boundaries would include...
,A boundary is any limit I need to honor so I can love or work with you without resentment and with integrity. - Dr. David Gruder. Personal boundaries are the...
,"A boundary is any structure or monument between two adjoining parcels of land. Boundaries can be anything a large tree trunk, ditch or..."
,A Boundary is any portion of a Block's face that lies on the grid model's perimeter that does not have any vertices in common with a neighboring...
,"The boundary is any natural or semi-natural habitat bordering the margin strip. These areas can include successional fallow fields, ditch systems, forest,..."
,The boundary is any unique sequence of characters pre-pended with two minus signs. Lines 4-8 are the message header. These are ignored...
,The boundary is characterized by the presence of a - 1 cm thick clay layer having a sharp peak in iridium concentration with a maximum value of 3.7 ng g-'.
,"The boundary is characterized by the disappearance of bedded cherts, and the interval between the Upper Permian cherts and Lower Triassic (probably."
,"In the ESJF, the boundary is characterized by a broad zone of deformation that includes several significant structures previously recognized mainly by..."
,"A boundary is characterized by the axis and angle of misorientation, together with any translation, relating the adjoining grains ; the shape, structure, orientation..."
,"In New Zealand, the boundary is characterized by total dominance of fern spores, notably in undisturbed, ne-grained sediments at the Moody Creek Mine..."
,"The boundary is characterized by waves known as Rossby waves or longwaves. Along this boundary with a large temperature difference, a strong horizontal..."
,The boundary is characterized by traction due to friction and surface tension. The pressure being unknown is decoupled from the computation of velocity and is...
,The boundary is characterized by a sharp and abrupt increase in density and velocity and a decrease in porosity. Emergence and subaerial exposure have...
,The boundary is characterized by stronger than normal horizontal temperature (and salinity) gradients; large vertical changes in isotherm depths; temperature...
,The boundary is characterized by widespread rock assemblages that are glacial in origin *c. It marks the approximate time of changes in the...
,The boundary is characterized by the Dirichlet condition. 0. = A . The definition area for nonstationary temperature field is represented by the...
,The boundary is characterized by a prolonged hiatus of approximately 8 million years in neritic carbonate deposition. When carbonate deposition resumed in the...
,"... optimal auxiliary channel U X is a BSC with a cross-over probability s and P(U = 0) = 1. 2 . Thus for pmax p 1. 2. , the boundary is characterized by the."
,"In this area, the boundary is characterized by two distinct styles of deformation. Along the eastern GOA, north of the Queen Charlotte Islands (API Zone 4, Fig."
,The boundary is characterized by channel radii a0 . We construct the wave function in the interior region and connect it smoothly with that in the exterior region...
,"The boundary is characterized by the following: (1) rapid simultaneous mass extinctions in marine and ter- restrial realms (Jin et al., 2000; Twitchett et al., 2001),..."
,"A boundary described as at a tree on the lower side of a named branch, thence down the branch to the county road, must be taken as following meanders of..."
,"Lake Champlain. These waters also have their rules of conduct. A boundary described as along the bank, shore, or margin of a private lake or pond goes only to."
,A boundary defined as the live thalweg follows the course of the stream as its bed and channel change with the gradual processes of erosion and accretion.
,"The boundary defined as the level set of a surface defined on the domain of interest. Zero level set curve defines the boundary, while positive surface values..."
,"Similar to a city then, the boundary defined as the nation is arbitrary. Attempts to better measure a regions footprint through input/output."
,"A boundary known as the Green Line runs through Lefkoa (Nicosia), the capital of both South and North Cyprus, separating the two states. At present there..."
,"A boundary known as the ""Green Line"" runs through Lefkoa (Nicosia), the capital of both South and North Cyprus, separating the two states. At present there..."
,"A boundary known as the Green Line runs through Lefkoa (Nicosia), the capital of both South and North Cyprus, separating the two states. At present there..."
,"... of member-country shorelines, a boundary known as the Emissions Control Area established by the International Maritime Organization."
,"the boundary identified as. , on plan registered in the. county. registry or land titles office on. , has been confirmed under the boundaries confirmation act."
,The boundary identified as 'deep water limit' shows the value of the water depth beyond which is considered as deep water in linear wave...
,"If you're a camper, Boundary is a great place to enjoy the water and mountains. The recreational campground is just upstream from the dam and has eight RV..."